﻿<?xml version="1.0" encoding="utf-8"?>
<resources>
	<string name="traffic_accident">Accident</string>
	<string name="traffic_congestion">Embouteill</string>
	<string name="traffic_disabled_vehicle">Véhicule désactivé</string>
	<string name="traffic_road_hazard">Danger sur la route</string>
	<string name="traffic_unscheduled_construction">Construction imprévue</string>
	<string name="traffic_scheduled_construction">Construction</string>
	<string name="traffic_planned_event">Événement prévu</string>
	<string name="traffic_mass_transit">Transports en commun</string>
	<string name="traffic_other_news">Autres infos</string>
	<string name="traffic_miscellaneous_event">Événements divers</string>
	<string name="pin_info_not_available">Infos non disponibles</string>
	<string name="pin_getting_address">Obtention de l'adresse...</string>
	<string name="pin_drag_to_move">Faites glisser le repère pour le déplacer</string>
	<string name="pin_dropped">Repère perdu</string>
	<string name="current_location">Position actuelle</string>
</resources>