﻿<?xml version="1.0" encoding="utf-8"?>
<resources>
	<string name="traffic_accident">Incidente</string>
	<string name="traffic_congestion">Congestión</string>
	<string name="traffic_disabled_vehicle">Vehículo desactivado</string>
	<string name="traffic_road_hazard">Peligro en el camino</string>
	<string name="traffic_unscheduled_construction">Obras imprevistas</string>
	<string name="traffic_scheduled_construction">Obras</string>
	<string name="traffic_planned_event">Evento planeado</string>
	<string name="traffic_mass_transit">Transporte público</string>
	<string name="traffic_other_news">Otras noticias</string>
	<string name="traffic_miscellaneous_event">Otro evento</string>
	<string name="pin_info_not_available">Información no disponible</string>
	<string name="pin_getting_address">Obteniendo dirección...</string>
	<string name="pin_drag_to_move">Arrastrar para mover punto</string>
	<string name="pin_dropped">Punto colocado</string>
	<string name="current_location">Ubicación actual</string>
</resources>