﻿<?xml version="1.0" encoding="utf-8"?>
<resources>
	<string name="traffic_accident">Accident</string>
	<string name="traffic_congestion">Congestion</string>
	<string name="traffic_disabled_vehicle">Disabled Vehicle</string>
	<string name="traffic_road_hazard">Road Hazard</string>
	<string name="traffic_unscheduled_construction">Unscheduled Construction</string>
	<string name="traffic_scheduled_construction">Construction</string>
	<string name="traffic_planned_event">Planned Event</string>
	<string name="traffic_mass_transit">Mass Transit</string>
	<string name="traffic_other_news">Other News</string>
	<string name="traffic_miscellaneous_event">Miscellaneous Event</string>
	<string name="pin_info_not_available">Info Not Available</string>
	<string name="pin_getting_address">Getting Address...</string>
	<string name="pin_drag_to_move">Drag to move pin</string>
	<string name="pin_dropped">Dropped Pin</string>
	<string name="current_location">Current Location</string>
</resources>